Role,Skills
Data Scientist,"Python Machine Learning SQL Data Analysis Pandas NumPy Statistics"
ML Engineer,"Python Deep Learning TensorFlow PyTorch Neural Networks ML"
Backend Developer,"Python Java SQL APIs Django Flask Database"
DevOps Engineer,"AWS Docker Kubernetes Linux CI/CD Cloud Automation"
Cloud Engineer,"AWS Azure Cloud Networking Linux Terraform"
Frontend Developer,"HTML CSS JavaScript React UI UX Web Design"
Full Stack Developer,"HTML CSS JavaScript React Node.js MongoDB SQL"
Cyber Security Analyst,"Networking Linux Security Ethical Hacking Penetration Testing"
AI Researcher,"Python Machine Learning Deep Learning NLP Computer Vision"
Database Administrator,"SQL Database MySQL PostgreSQL Backup Optimization"
Software Engineer,"Java Python Data Structures Algorithms OOP Problem Solving"
Mobile App Developer,"Java Kotlin Android Flutter Firebase"
Site Reliability Engineer,"Linux AWS Docker Kubernetes Monitoring Automation"
System Administrator,"Linux Networking Servers Security Maintenance"
Automation Engineer,"Python Selenium Testing Automation CI/CD"